state_name,city_code,city_name
CH,1,"RLA,CHANDIGARH, CH:Chandigarh"
CG,4,"RTO,RAIPUR, CG:ChattisGarh"
CG,5,"DTO,DHAMTARI, CG:ChattisGarh"
CG,6,"DTO,MAHASAMUND, CG:ChattisGarh"
CG,7,"ADDL.RTO,DURG, CG:ChattisGarh"
CG,8,"ADDL.RTO,RAJNANDGAON, CG:ChattisGarh"
CG,9,"DTO,KABIRDHAM, CG:ChattisGarh"
CG,10,"RTO,BILASHPUR, CG:ChattisGarh"
CG,11,"DTO,JANGIR_CHAMPA, CG:ChattisGarh"
CG,12,"ADDL.RTO,KORBA, CG:ChattisGarh"
CG,13,"ADDL.RTO,RAIGARH, CG:ChattisGarh"
CG,14,"DTO,JASHPUR, CG:ChattisGarh"
CG,15,"ADDL.RTO,AMBIKAPUR, CG:ChattisGarh"
CG,16,"DTO,BAIKUNTHPUR, CG:ChattisGarh"
CG,17,"RTO,JAGDALPUR, CG:ChattisGarh"
CG,18,"DTO,DANTEWADA, CG:ChattisGarh"
CG,19,"DTO,KANKER, CG:ChattisGarh"
CG,22,"DTO,BALODABAZAR, CG:ChattisGarh"
CG,23,"DTO,GARIYABAND, CG:ChattisGarh"
CG,24,"DTO,BALOD, CG:ChattisGarh"
CG,25,"DTO,BEMETARA, CG:ChattisGarh"
CG,26,"DTO,SUKMA, CG:ChattisGarh"
CG,27,"DTO,KONDAGAON, CG:ChattisGarh"
CG,28,"DTO,MUNGELI, CG:ChattisGarh"
CG,29,"DTO,SURAJPUR, CG:ChattisGarh"
CG,30,"DTO,BALRAMPUR, CG:ChattisGarh"
DN,9,"RLA, SILVASSA, DNH UT, DN:Dadra &amp; Nagar Haveli"
DD,2,"RTO,DIU, DD:Daman and Diu"
DD,3,"RTO,DAMAN, DD:Daman and Diu"
KA,1,"RTO,KORAMANGALA, KA:Karnataka"
KA,2,"RTO,BANGALORE (WEST), KA:Karnataka"
KA,3,"RTO,BANGALORE (EAST), KA:Karnataka"
KA,4,"RTO,BANGALORE (NORTH), KA:Karnataka"
KA,5,"RTO,BANGALORE (SOUTH), KA:Karnataka"
KA,6,"RTO,TUMKUR, KA:Karnataka"
KA,7,"RTO,KOLAR, KA:Karnataka"
KA,8,"RTO,CORMONDAL, KA:Karnataka"
KA,9,"RTO,MYSORE, KA:Karnataka"
KA,10,"RTO,CHAMARAJ NAGAR, KA:Karnataka"
KA,11,"RTO,MANDYA, KA:Karnataka"
KA,12,"RTO,MADEIKERI, KA:Karnataka"
KA,13,"RTO,HASSAN, KA:Karnataka"
KA,14,"RTO,SHIMOGA, KA:Karnataka"
KA,15,"ASST.RTO,SAGAR, KA:Karnataka"
KA,16,"RTO,CHITRADURGA, KA:Karnataka"
KA,17,"RTO,DAVANAGERE, KA:Karnataka"
KA,18,"RTO,CHICKMAGALUR, KA:Karnataka"
KA,19,"RTO,MANGALORE., KA:Karnataka"
KA,20,"RTO,UDUPI, KA:Karnataka"
KA,21,"RTO,PUTTUR, KA:Karnataka"
KA,22,"RTO,BELGAUM, KA:Karnataka"
KA,23,"RTO,CHIKKODI, KA:Karnataka"
KA,24,"ASST.RTO,BAILAHONGALA, KA:Karnataka"
KA,25,"RTO,DHARWAD, KA:Karnataka"
KA,26,"RTO,GADAG, KA:Karnataka"
KA,27,"RTO,HAVERI, KA:Karnataka"
KA,28,"RTO,BIJAPUR, KA:Karnataka"
KA,29,"RTO,BAGALKOT, KA:Karnataka"
KA,30,"RTO,KARWAR, KA:Karnataka"
KA,31,"RTO,SIRSI, KA:Karnataka"
KA,32,"RTO,GULBARGA, KA:Karnataka"
KA,33,"RTO,YADAGIRI, KA:Karnataka"
KA,34,"RTO,BELLARY, KA:Karnataka"
KA,35,"RTO,HOSPET, KA:Karnataka"
KA,36,"RTO,RAICHUR, KA:Karnataka"
KA,37,"RTO,KOPPAL, KA:Karnataka"
KA,38,"RTO,BIDAR, KA:Karnataka"
KA,39,"ASST.RTO,BHALKI, KA:Karnataka"
KA,40,"RTO,CHIKKABALLAPURA, KA:Karnataka"
KA,41,"RTO,BANGALORE, KA:Karnataka"
KA,42,"RTO,RAMANAGARA, KA:Karnataka"
KA,43,"ASST.RTO,DEVENAHALLI, KA:Karnataka"
KA,44,"ASST.RTO,TIPTUR, KA:Karnataka"
KA,45,"ASST.RTO,HUNSUR, KA:Karnataka"
KA,46,"ASST.RTO,SAKALESHPURA, KA:Karnataka"
KA,47,"ASST.RTO,HONNAVARA, KA:Karnataka"
KA,48,"ASST.RTO,JAMAKHANDI, KA:Karnataka"
KA,49,"ASST.RTO,GOKAK, KA:Karnataka"
KA,50,"RTO,YELAHANKA, KA:Karnataka"
KA,51,"RTO,CHENNAKESHAVANAGAR, KA:Karnataka"
KA,52,"RTO,NELAMANGALA, KA:Karnataka"
KA,53,"RTO, K.R.PURAM, KA:Karnataka"
KA,54,"ASST.RTO,NAGAMANGALA, KA:Karnataka"
KA,55,"RTO,MYSORE EAST, KA:Karnataka"
KA,56,"RTO, BASAVAKALYAN, KA:Karnataka"
KA,64,"ARTO MADHUGIRI, KA:Karnataka"
KA,65,"ARTO DANDELI, KA:Karnataka"
KA,66,"ARTO,TARIKERE,CHICKMAGALUR DISTRICT, KARNATAKA., KA:Karnataka"
KL,1,"RTO,THIRUVANANTHAPURAM, KL:Kerala"
KL,2,"RTO,KOLLAM, KL:Kerala"
KL,3,"RTO,PATHANAMTHITTA, KL:Kerala"
KL,4,"RTO,ALAPPUZHA, KL:Kerala"
KL,5,"RTO,KOTTAYAM, KL:Kerala"
KL,6,"RTO,IDUKKI, KL:Kerala"
KL,7,"RTO,ERNAKULAM, KL:Kerala"
KL,8,"RTO,THRISSUR, KL:Kerala"
KL,9,"RTO,PALAKKAD, KL:Kerala"
KL,10,"RTO,MALAPPURAM, KL:Kerala"
KL,11,"RTO,KOZHIKODE, KL:Kerala"
KL,12,"RTO,WAYANAD, KL:Kerala"
KL,13,"RTO,KANNUR, KL:Kerala"
KL,14,"RTO,KASARAGOD, KL:Kerala"
KL,15,"RTO-NATIONAL SECTOR, KL:Kerala"
KL,16,"RTO,ATTINGAL, KL:Kerala"
KL,17,"RTO,MUVATTUPUZHA, KL:Kerala"
KL,18,"RTO,VADAKARA, KL:Kerala"
KL,19,"SRTO,PARASSALA, KL:Kerala"
KL,20,"SRTO,NEYYATTINKARA, KL:Kerala"
KL,21,"SRTO,NEDUMANGAD, KL:Kerala"
KL,22,"SRTO,KAZHAKUTTOM, KL:Kerala"
KL,23,"SRTO,KARUNAGAPPALLY, KL:Kerala"
KL,24,"SRTO,KOTTAKKARA, KL:Kerala"
KL,25,"SRTO,PUNALUR, KL:Kerala"
KL,26,"SRTO,ADOOR, KL:Kerala"
KL,27,"SRTO,THIRUVALLA, KL:Kerala"
KL,28,"SRTO,MALLAPPALLY, KL:Kerala"
KL,29,"SRTO,KAYAMKULAM, KL:Kerala"
KL,30,"SRTO,CHENGANNUR, KL:Kerala"
KL,31,"SRTO,MAVELIKKARA, KL:Kerala"
KL,32,"SRTO,CHERTHALA, KL:Kerala"
KL,33,"SRTO,CHANGANACHERRY, KL:Kerala"
KL,34,"SRTO,KANJIRAPPALLY, KL:Kerala"
KL,35,"SRTO,PALA, KL:Kerala"
KL,36,"SRTO,VAIKKOM, KL:Kerala"
KL,37,"SRTO,VANDIPERIYAR, KL:Kerala"
KL,38,"SRTO,THODUPUZHA, KL:Kerala"
KL,39,"SRTO,TRIPUNITHURA, KL:Kerala"
KL,40,"SRTO,PERUMBAVOOR, KL:Kerala"
KL,41,"SRTO,ALUVA, KL:Kerala"
KL,42,"SRTO,NORTH PARAVOOR, KL:Kerala"
KL,43,"SRTO,MATTANCHERRY, KL:Kerala"
KL,44,"SRTO,KOTHAMANGALAM, KL:Kerala"
KL,45,"SRTO,IRANJALAKKUDA, KL:Kerala"
KL,46,"SRTO,GURUVAYOOR, KL:Kerala"
KL,47,"SRTO,KODUNGALLUR, KL:Kerala"
KL,48,"SRTO,VADAKKANCHERRY, KL:Kerala"
KL,49,"SRTO,ALATHUR, KL:Kerala"
KL,50,"SRTO,MANNARKKAD, KL:Kerala"
KL,51,"SRTO,OTTAPPALAM, KL:Kerala"
KL,52,"SRTO,PATTAMBI, KL:Kerala"
KL,53,"SRTO,PERINTHALMANNA, KL:Kerala"
KL,54,"SRTO,PONNANI, KL:Kerala"
KL,55,"SRTO,TIRUR, KL:Kerala"
KL,56,"SRTO,KOYILANDY, KL:Kerala"
KL,57,"SRTO,KODUVALLY, KL:Kerala"
KL,58,"SRTO,THALASSERY, KL:Kerala"
KL,59,"SRTO,THALIPARAMBA, KL:Kerala"
KL,60,"SRTO,KANHANGAD, KL:Kerala"
KL,61,"SRTO, KUNNATHUR, KL:Kerala"
KL,62,"SRTO, RANNI, KL:Kerala"
KL,63,"SRTO, ANGAMALI, KL:Kerala"
KL,64,"SRTO, CHALAKKUDY, KL:Kerala"
KL,65,"SRTO, THIRURANGADI, KL:Kerala"
AN,1,"O/O THE LICENSING AUTHORITY,PORT BLAIR, AN:Andaman and Nicobar"
AP,102,"RTA HINDUPUR, AP:Andhra Pradesh"
AP,103,"RTA TIRUPATI, AP:Andhra Pradesh"
AP,104,"MVI OFFICE BADVEL, AP:Andhra Pradesh"
AP,105,"RTA RAJAHMUNDRY, AP:Andhra Pradesh"
AP,107,"RTA NARASARAOPET, AP:Andhra Pradesh"
AP,116,"RTA GUDIWADA, AP:Andhra Pradesh"
AP,121,"RTA NANDYAL, AP:Andhra Pradesh"
AP,126,"MVI OFFICE ATMAKUR, AP:Andhra Pradesh"
AP,127,"UNIT OFFICE CHIRALA, AP:Andhra Pradesh"
AP,130,"MVI OFFICE ITCHAPURAM, AP:Andhra Pradesh"
AP,131,"RTA ANAKAPALLI, AP:Andhra Pradesh"
AP,135,"MVI OFFICE PARVATHIPURAM, AP:Andhra Pradesh"
AP,137,"RTA BHIMAVARAM, AP:Andhra Pradesh"
AP,202,"UNIT OFFICE GUNTAKAL, AP:Andhra Pradesh"
AP,203,"UNIT OFFICE MADANAPALLE, AP:Andhra Pradesh"
AP,204,"RTA PRODDUTUR, AP:Andhra Pradesh"
AP,205,"RTA AMALAPURAM, AP:Andhra Pradesh"
AP,207,"MVI OFFICE BAPATLA, AP:Andhra Pradesh"
AP,216,"UNIT OFFICE MACHILIPATNAM, AP:Andhra Pradesh"
AP,221,"UNIT OFFICE ADONI, AP:Andhra Pradesh"
AP,226,"RTA GUDUR, AP:Andhra Pradesh"
AP,227,"MVI OFFICE KANDUKUR, AP:Andhra Pradesh"
AP,230,"MVI OFFICE PALAKONDA, AP:Andhra Pradesh"
AP,231,"RTA GAJUWAKA, AP:Andhra Pradesh"
AP,235,"MVI OFFICE SALUR, AP:Andhra Pradesh"
AP,237,"UNIT OFFICE JANGAREDDY GUDEM, AP:Andhra Pradesh"
AP,302,"MVI OFFICE KADIRI, AP:Andhra Pradesh"
AP,303,"MVI OFFICE PALAMANER, AP:Andhra Pradesh"
AP,304,"MVI OFFICE PULIVENDULA, AP:Andhra Pradesh"
AP,305,"UNIT OFFICE KATHIPUDI, AP:Andhra Pradesh"
AP,307,"MVI CHILAKALURIPETA, AP:Andhra Pradesh"
AP,316,"RTA NANDIGAMA, AP:Andhra Pradesh"
AP,321,"MVI OFFICE ATMAKUR-KURNOOL, AP:Andhra Pradesh"
AP,326,"UNIT OFFICE KAVALI, AP:Andhra Pradesh"
AP,327,"UNIT OFFICE MARKAPUR, AP:Andhra Pradesh"
AP,330,"MVI OFFICE PALASA, AP:Andhra Pradesh"
AP,331,"MVI OFFICE NARSIPATNAM, AP:Andhra Pradesh"
AP,337,"UNIT OFFICE KOVVURU, AP:Andhra Pradesh"
AP,402,"UNIT OFFICE TADIPATRI, AP:Andhra Pradesh"
AP,403,"MVI OFFICE PILER, AP:Andhra Pradesh"
AP,404,"MVI OFFICE RAJAMPET, AP:Andhra Pradesh"
AP,405,"UNIT OFFICE MANDAPETA, AP:Andhra Pradesh"
AP,407,"MVI OFFICE MACHERLA, AP:Andhra Pradesh"
AP,416,"UNIT OFFICE NUZVID, AP:Andhra Pradesh"
AP,421,"MVI OFFICE DHONE, AP:Andhra Pradesh"
AP,426,"UNIT OFFICE SULLURPET, AP:Andhra Pradesh"
AP,427,"UNIT OFFICE DARSI, AP:Andhra Pradesh"
AP,430,"MVI OFFICE TEKKALI, AP:Andhra Pradesh"
AP,437,"UNIT OFFICE TADEPALLI GUDEM, AP:Andhra Pradesh"
AP,503,"MVI OFFICE PUTTUR, AP:Andhra Pradesh"
AP,504,"MVI OFFICE RAYACHOTI, AP:Andhra Pradesh"
AP,505,"MVI OFFICE PEDDAPURAM, AP:Andhra Pradesh"
AP,507,"MVI OFFICE MANGALAGIRI, AP:Andhra Pradesh"
AP,516,"UNIT OFFICE VUYYURU, AP:Andhra Pradesh"
AP,537,"UNIT OFFICE TANUKU, AP:Andhra Pradesh"
AP,603,"MVI OFFICE SRIKALAHASTHI, AP:Andhra Pradesh"
AP,607,"UNIT OFFICE PIDUGURALLA, AP:Andhra Pradesh"
AP,616,"UNIT OFFICE JAGGAYYAPET, AP:Andhra Pradesh"
AP,637,"UNIT OFFICE PALAKOLE, AP:Andhra Pradesh"
AP,705,"UNIT OFFICE RAVULAPALEM, AP:Andhra Pradesh"
AP,707,"UNIT OFFICE TENALI, AP:Andhra Pradesh"
AP,905,"MVI OFFICE CHINTOOR, AP:Andhra Pradesh"
AR,1,"DTO, ITANAGAR, AR:Arunachal Pradesh"
AR,3,"DTO,TAWANG, AR:Arunachal Pradesh"
AR,4,"DTO,BOMDILA, AR:Arunachal Pradesh"
AR,5,"DTO,SEPPA, AR:Arunachal Pradesh"
AR,6,"DTO,ZIRO, AR:Arunachal Pradesh"
AR,7,"DTO,DAPORIJO, AR:Arunachal Pradesh"
AR,8,"DTO,ALONG, AR:Arunachal Pradesh"
AR,9,"DTO,PASIGHAT, AR:Arunachal Pradesh"
AR,10,"DTO ANINI, AR:Arunachal Pradesh"
AR,11,"DTO,TEZU, AR:Arunachal Pradesh"
AR,12,"DTO,CHANGLANG, AR:Arunachal Pradesh"
AR,13,"DTO,KHONSA, AR:Arunachal Pradesh"
AR,14,"DTO YINGKIONG, AR:Arunachal Pradesh"
AR,15,"DTO KOLORIANG, AR:Arunachal Pradesh"
AR,16,"DTO,ROING, AR:Arunachal Pradesh"
AR,17,"DTO, HAWAI, AR:Arunachal Pradesh"
AS,1,"DTO,KAMRUP, AS:Assam"
AS,2,"DTO,NAGAON, AS:Assam"
AS,3,"DTO,JORHAT, AS:Assam"
AS,4,"DTO,SIVSAGAR, AS:Assam"
AS,5,"DTO,GOLAGHAT, AS:Assam"
AS,6,"DTO,DIBRUGARH, AS:Assam"
AS,7,"DTO,LAKHIMPUR, AS:Assam"
AS,8,"DTO,N.C HILLS, AS:Assam"
AS,9,"DTO,KARBI ANGLOG, AS:Assam"
AS,10,"DTO,KARIMGANJ, AS:Assam"
AS,11,"DTO,SILCHAR, AS:Assam"
AS,12,"DTO,SONITPUR, AS:Assam"
AS,13,"DTO,DARRANG, AS:Assam"
AS,14,"DTO,NALBARI, AS:Assam"
AS,15,"DTO,BARPETA, AS:Assam"
AS,16,"DTO,KOKRAJHAR, AS:Assam"
AS,17,"DTO,DHUBRI, AS:Assam"
AS,18,"DTO,GOALPARA, AS:Assam"
AS,19,"DTO,BONGAIGAON, AS:Assam"
AS,21,"DTO,MORIGAON, AS:Assam"
AS,22,"DTO,DHEMAJI, AS:Assam"
AS,23,"DTO,TINSUKIA, AS:Assam"
AS,24,"DTO,HAILAKANDI, AS:Assam"
AS,25,"DTO, KAMRUP RURAL, AS:Assam"
AS,26,"DTO,CHIRANG, AS:Assam"
AS,27,"DTO,UDALGURI, AS:Assam"
AS,28,"DTO,BAKSA, AS:Assam"
BR,1,"DTO, PATNA, BR:Bihar"
BR,2,"DTO, GAYA, BR:Bihar"
BR,3,"DTO, BHOJPUR, BR:Bihar"
BR,4,"DTO, CHAPARA, BR:Bihar"
BR,5,"DTO, MOTIHARI, BR:Bihar"
BR,6,"DTO, MUZAFFARPUR, BR:Bihar"
BR,7,"DTO, DARBHANGA, BR:Bihar"
BR,8,"DTO, MUNGER, BR:Bihar"
BR,9,"DTO, BEGUSARAI, BR:Bihar"
BR,10,"DTO, BHAGALPUR, BR:Bihar"
BR,11,"DTO, PURNEA, BR:Bihar"
BR,19,"DTO, SAHARSA, BR:Bihar"
BR,21,"DTO, NALANDA, BR:Bihar"
BR,22,"DTO, BETTIAH, BR:Bihar"
BR,24,"DTO, ROHTAS, BR:Bihar"
BR,25,"DTO, JEHANABAD, BR:Bihar"
BR,26,"DTO, AURANGABAD, BR:Bihar"
BR,27,"DTO, NAWADAH, BR:Bihar"
BR,28,"DTO, GOPALGANJ, BR:Bihar"
BR,29,"DTO, SIWAN, BR:Bihar"
BR,30,"DTO, SITAMARHI, BR:Bihar"
OD,1,"RTO,BALASORE, OD:Odisha"
OD,2,"RTO,BHUBANESWAR, OD:Odisha"
OD,3,"RTO,BOLANGIR, OD:Odisha"
OD,4,"RTO,CHANDIKHOL, OD:Odisha"
OD,5,"RTO,CUTTACK, OD:Odisha"
OD,6,"RTO,DHENKANAL, OD:Odisha"
OD,7,"RTO,GANJAM, OD:Odisha"
OD,8,"RTO,KALAHANDI, OD:Odisha"
OD,9,"RTO,KEONJHAR, OD:Odisha"
OD,10,"RTO,KORAPUT, OD:Odisha"
OD,11,"RTO,MAYURBHANJ, OD:Odisha"
OD,11R,"ASST.RTO,RAIRANGPUR, OD:Odisha"
OD,12,"RTO,PHULBANI, OD:Odisha"
OD,13,"RTO,PURI, OD:Odisha"
OD,14,"RTO,ROURKELA, OD:Odisha"
OD,15,"RTO,SAMBALPUR, OD:Odisha"
OD,16,"RTO,SUNDERGARH, OD:Odisha"
OD,17,"RTO,BARAGARH, OD:Odisha"
OD,18,"RTO,RAYAGADA, OD:Odisha"
OD,19,"RTO,ANGUL, OD:Odisha"
OD,20,"RTO,GAJAPATI, OD:Odisha"
OD,21,"RTO,JAGATSINGHPUR, OD:Odisha"
OD,22,"RTO,BHADRAK, OD:Odisha"
OD,23,"RTO,JHARSUGUDA, OD:Odisha"
OD,24,"RTO,NAWARANGPUR, OD:Odisha"
OD,25,"RTO,NAYAGARH, OD:Odisha"
OD,26,"RTO,NUAPADA, OD:Odisha"
OD,27,"RTO,BOUDH, OD:Odisha"
OD,28,"RTO,DEOGARH, OD:Odisha"
OD,29,"RTO,KENDRAPARA, OD:Odisha"
OD,30,"RTO,MALKANGIRI, OD:Odisha"
OD,31,"RTO,SUBARNAPUR, OD:Odisha"
OD,32,"RTO,BHANJANAGAR, OD:Odisha"
OD,33,"RTO,BHUBANESWAR-II, OD:Odisha"
OD,34,"RTO,JAJPUR, OD:Odisha"
OD,35,"RTO,TALCHER, OD:Odisha"
OD,99,"GOVT.DRIVING TRAINING SCHOOL,BHUBANESWAR, OD:Odisha"
PY,1,"RTO,PUDUCHERRY, PY:Pondicherry"
PY,2,"RTO,KARAIKAL, PY:Pondicherry"
PY,3,"UNIT OFFICE MAHE, PY:Pondicherry"
PY,4,"UNIT OFFICE YANAM, PY:Pondicherry"
PY,5,"OULGARET, PY:Pondicherry"
PB,1,"STA,PUNJAB, PB:Punjab"
PB,2,"DTO,AMRITSAR, PB:Punjab"
PB,3,"DTO,BATHINDA, PB:Punjab"
PB,4,"DTO,FARIDKOT, PB:Punjab"
PB,5,"DTO,FEROZEPUR, PB:Punjab"
PB,6,"DTO,GURDASPUR, PB:Punjab"
PB,7,"DTO,HOSHIARPUR, PB:Punjab"
PB,8,"DTO,JALANDHAR, PB:Punjab"
PB,9,"DTO,KAPURTHALA, PB:Punjab"
PB,10,"DTO,LUDHIANA, PB:Punjab"
PB,11,"DTO,PATIALA, PB:Punjab"
PB,12,"DTO,ROPAR, PB:Punjab"
PB,13,"DTO,SANGRUR, PB:Punjab"
PB,14,"SDM,AJNALA, PB:Punjab"
PB,15,"SDM,ABOHAR, PB:Punjab"
PB,16,"SDM,ANANDPUR SAHIB, PB:Punjab"
PB,17,"SDM,BABA BAKALA, PB:Punjab"
PB,18,"SDM,BATALA, PB:Punjab"
PB,19,"DTO,BARNALA, PB:Punjab"
PB,20,"SDM,BALACHAUR, PB:Punjab"
PB,21,"SDM,DASUYA, PB:Punjab"
PB,22,"SDM,FAZILKA, PB:Punjab"
PB,23,"DTO,FATEHGARH SAHIB, PB:Punjab"
PB,24,"SDM,GARHSHANKAR, PB:Punjab"
PB,25,"SDM,JAGRAON, PB:Punjab"
PB,26,"SDM,KHANNA, PB:Punjab"
PB,27,"SDM,KHARAR, PB:Punjab"
PB,28,"SDM,MALERKOTLA, PB:Punjab"
PB,29,"DTO,MOGA, PB:Punjab"
PB,30,"DTO,MUKTSAR, PB:Punjab"
PB,31,"DTO,MANSA, PB:Punjab"
PB,32,"DTO,NAWANSHAHAR, PB:Punjab"
PB,33,"SDM,NAKODAR, PB:Punjab"
PB,34,"SDM,NABHA, PB:Punjab"
PB,35,"SDM,PATHANKOT, PB:Punjab"
PB,36,"SDM,PHAGWARA, PB:Punjab"
PB,37,"SDM,PHILLAUR, PB:Punjab"
PB,38,"SDM, PATTI, PB:Punjab"
PB,39,"SDM,RAJPURA, PB:Punjab"
PB,40,"SDM,RAMPURA PHUL, PB:Punjab"
PB,41,"SDM,SULTANPUR LODHI, PB:Punjab"
PB,42,"SDM,SAMANA, PB:Punjab"
PB,43,"SDM,SAMRALA, PB:Punjab"
PB,44,"SDM,SUNAM, PB:Punjab"
PB,45,"SDM,TALWANDI SABO, PB:Punjab"
PB,46,"DTO,TARAN TARAN, PB:Punjab"
PB,47,"SDM,ZIRA, PB:Punjab"
PB,48,"SDM,AMLOH, PB:Punjab"
PB,49,"SDM,KHAMAO, PB:Punjab"
PB,50,"SDM,BUDHLADA, PB:Punjab"
PB,51,"SDM,SARDULGARH, PB:Punjab"
PB,52,"SDM,BASSI, PB:Punjab"
PB,53,"SDM,MALOUT, PB:Punjab"
PB,54,"SDM,MUKERIAN, PB:Punjab"
PB,55,"SDM,PAYAL, PB:Punjab"
PB,56,"SDM,RAIKOT, PB:Punjab"
PB,57,"SDM,BHOLATH, PB:Punjab"
PB,58,"SDM,DERA BABA NANAK, PB:Punjab"
PB,59,"SDM,DHURI, PB:Punjab"
PB,60,"SDM,GIDDERBAHA, PB:Punjab"
PB,61,"SDM,JALALABAD, PB:Punjab"
PB,62,"SDM,JAITU, PB:Punjab"
PB,63,"SDM,KHADOOR SAHIB, PB:Punjab"
PB,64,"SDM,MOONAK, PB:Punjab"
PB,65,"DTO,SASNAGAR, PB:Punjab"
PB,66,"SDM,NIHAL SINGH WALA, PB:Punjab"
PB,67,"SDM,SHAHKOT, PB:Punjab"
PB,68,"SDM,DHAR KALAN, PB:Punjab"
PB,69,"SDM,BAGHAPURANA, PB:Punjab"
PB,70,"SDM,DERABASSI, PB:Punjab"
PB,71,"SDM,CHAMKAUR SAHIB, PB:Punjab"
PB,72,"SDM,PATRAN, PB:Punjab"
PB,73,"SDM,TAPA, PB:Punjab"
PB,74,"SDM,NANGAL, PB:Punjab"
RJ,1,"RTO, AJMER, RJ:Rajasthan"
RJ,2,"RTO, ALWAR, RJ:Rajasthan"
RJ,3,"DTO, BANSWARA, RJ:Rajasthan"
RJ,4,"DTO, BARMER, RJ:Rajasthan"
RJ,5,"DTO, BHARATPUR, RJ:Rajasthan"
RJ,6,"DTO, BHILWARA, RJ:Rajasthan"
RJ,7,"RTO, BIKANER, RJ:Rajasthan"
RJ,8,"DTO, BUNDI, RJ:Rajasthan"
RJ,9,"RTO, CHITTORGARH, RJ:Rajasthan"
RJ,10,"DTO, CHURU, RJ:Rajasthan"
RJ,10A,"SUB OFFICE, RAJGARH, RJ:Rajasthan"
RJ,11,"DTO, DHOLPUR, RJ:Rajasthan"
RJ,12,"DTO, DUNGARPUR, RJ:Rajasthan"
RJ,13,"DTO, SRI-GANGANAGAR, RJ:Rajasthan"
RJ,13A,"SUB OFFICE, SURATGARH, RJ:Rajasthan"
RJ,14,"RTO, JAIPUR, RJ:Rajasthan"
RJ,15,"DTO, JAISALMER, RJ:Rajasthan"
RJ,15A,"SUB OFFICE, POKRAN, RJ:Rajasthan"
RJ,16,"DTO, JALORE, RJ:Rajasthan"
RJ,16B,"SUB OFFICE, SANCHOR, RJ:Rajasthan"
RJ,17,"DTO, JHALAWAR, RJ:Rajasthan"
RJ,18,"DTO, JHUNJHUNU, RJ:Rajasthan"
RJ,18A,"SUB OFFICE, KHETRI, RJ:Rajasthan"
RJ,19,"RTO, JODHPUR, RJ:Rajasthan"
RJ,19A,"SUB OFFICE, PIPAD CITY, RJ:Rajasthan"
RJ,19B,"SUB OFFICE, FALODI, RJ:Rajasthan"
RJ,20,"RTO, KOTA, RJ:Rajasthan"
RJ,21,"DTO, NAGAUR, RJ:Rajasthan"
RJ,21A,"SUB OFFICE, MAKRANA, RJ:Rajasthan"
RJ,21B,"SUB OFFICE, MEDTACITY, RJ:Rajasthan"
RJ,22,"DTO, PALI, RJ:Rajasthan"
RJ,22A,"SUB OFFICE, SUMERPUR, RJ:Rajasthan"
RJ,22B,"SUB OFFICE, SOJAT, RJ:Rajasthan"
RJ,23,"RTO, SIKAR, RJ:Rajasthan"
RJ,23A,"SUB OFFICE, RINGUS, RJ:Rajasthan"
RJ,23B,"SUB OFFICE, NEEMKATHANA, RJ:Rajasthan"
RJ,24,"DTO, SIROHI, RJ:Rajasthan"
RJ,25,"DTO, SWAIMADHOPUR, RJ:Rajasthan"
BR,31,"DTO, VAISHALI, BR:Bihar"
BR,32,"DTO, MADHUBANI, BR:Bihar"
BR,33,"DTO, SAMASTIPUR, BR:Bihar"
BR,34,"DTO, KHAGARIA, BR:Bihar"
BR,37,"DTO, KISHANGANJ, BR:Bihar"
BR,38,"DTO, ARAREA, BR:Bihar"
BR,39,"DTO, KATIHAR, BR:Bihar"
BR,43,"DTO, MADHEPURA, BR:Bihar"
BR,44,"DTO, BUXUR, BR:Bihar"
BR,45,"DTO, BHABHUA, BR:Bihar"
BR,46,"DTO, JAUMUI, BR:Bihar"
BR,50,"DTO, SUPAUL, BR:Bihar"
BR,51,"DTO, BANKA, BR:Bihar"
BR,52,"DTO, SHEIKHPURA, BR:Bihar"
BR,53,"DTO, LAKHISARAI, BR:Bihar"
BR,55,"DTO, SHEOHAR, BR:Bihar"
BR,56,"DTO, ARAWAL, BR:Bihar"
RJ,25A,"SUB OFFICE, GANGAPURCITY, RJ:Rajasthan"
RJ,26,"DTO, TONK, RJ:Rajasthan"
RJ,26A,"SUB OFFICE, NIWAI, RJ:Rajasthan"
RJ,26B,"SUB OFFICE, UNIARA, RJ:Rajasthan"
RJ,27,"RTO, UDAIPUR, RJ:Rajasthan"
RJ,27A,"SUB OFFICE, SALUMBAR, RJ:Rajasthan"
RJ,28,"DTO, BARAN, RJ:Rajasthan"
RJ,29,"RTO, DAUSA, RJ:Rajasthan"
RJ,30,"DTO, RAJSAMAND, RJ:Rajasthan"
RJ,30A,"SUB OFFICE, NATHDWARA, RJ:Rajasthan"
RJ,30B,"SUB OFFICE, BHIM, RJ:Rajasthan"
RJ,31,"DTO, HANUMANGARH, RJ:Rajasthan"
RJ,32,"DTO, KOTPUTALI, RJ:Rajasthan"
RJ,33,"DTO, RAMGANJMANDI, RJ:Rajasthan"
RJ,34,"DTO, KAROLI, RJ:Rajasthan"
RJ,34A,"SUB OFFICE, HINDON, RJ:Rajasthan"
RJ,35,"DTO, PRATAPGARH, RJ:Rajasthan"
RJ,36,"DTO, BEAWAR, RJ:Rajasthan"
RJ,37,"DTO, DIDWANA, RJ:Rajasthan"
RJ,37A,"SUB OFFICE, NAVA, RJ:Rajasthan"
RJ,38,"DTO, ABU ROAD, RJ:Rajasthan"
RJ,39,"DTO, BALOTRA, RJ:Rajasthan"
RJ,40,"DTO, BHIWADI, RJ:Rajasthan"
RJ,41,"DTO, CHOMU, RJ:Rajasthan"
RJ,42,"DTO, KISHANGARH, RJ:Rajasthan"
RJ,43,"DTO, FALODI, RJ:Rajasthan"
RJ,44,"DTO, SUJANGARH, RJ:Rajasthan"
RJ,45,"RTO, JAIPUR (NORTH), RJ:Rajasthan"
RJ,46,"DTO, BHINMAL, RJ:Rajasthan"
RJ,47,"DTO, DUDU, RJ:Rajasthan"
RJ,48,"DTO, KEKRI, RJ:Rajasthan"
RJ,49,"DTO, NOHAR, RJ:Rajasthan"
RJ,50,"DTO, NOKHA, RJ:Rajasthan"
RJ,51,"DTO, SHAHPURA, BHILWARA, RJ:Rajasthan"
RJ,52,"DTO, SHAHPURA, JAIPUR, RJ:Rajasthan"
SK,1,"RTO,EAST SIKKIM, SK:Sikkim"
SK,2,"RTO,WEST SIKKIM, SK:Sikkim"
SK,3,"RTO,NORTH SIKKIM, SK:Sikkim"
SK,4,"RTO,SOUTH SIKKIM, SK:Sikkim"
TN,1,"RTO,CHENNAI (CENTRAL), TN:Tamil Nadu"
TN,2,"RTO,CHENNAI (NORTH WEST),, TN:Tamil Nadu"
TN,3,"RTO,CHENNAI (NORTH EAST),, TN:Tamil Nadu"
TN,4,"RTO,CHENNAI (EAST),, TN:Tamil Nadu"
TN,5,"RTO,CHENNAI (NORTH), TN:Tamil Nadu"
TN,6,"RTO,CHENNAI (SOUTH EAST), TN:Tamil Nadu"
TN,7,"RTO,CHENNAI (SOUTH),, TN:Tamil Nadu"
TN,9,"RTO,CHENNAI (WEST),, TN:Tamil Nadu"
TN,10,"RTO,CHENNAI (SOUTH WEST), TN:Tamil Nadu"
TN,11,"RTO OFFICE,TAMBARAM,, TN:Tamil Nadu"
TN,12,"RTO, POONAMALEE,, TN:Tamil Nadu"
TN,13,"RTO, AMBATTUR, TN:Tamil Nadu"
TN,14,"RTO,SHOLINGANALLUR,, TN:Tamil Nadu"
TN,15,"RTO,ULUNDURPET,, TN:Tamil Nadu"
TN,15Z,"UO, KALLAKURICHI, TN:Tamil Nadu"
TN,16,"RTO OFFICE,TINDIVANAM,, TN:Tamil Nadu"
TN,16Z,"UNIT OFFICE , GINGEE, TN:Tamil Nadu"
TN,18,"RTO,REDHILLS, TN:Tamil Nadu"
TN,18Y,"UNIT OFFICE, GUMIDIPOONDI, TN:Tamil Nadu"
TN,19,"RTO, CHENGALPATTU, TN:Tamil Nadu"
TN,19Z,"UNIT OFFICE, MADURANTAGAM,, TN:Tamil Nadu"
TN,20,"RTO,THIRUVALLUR, TN:Tamil Nadu"
TN,20X,"UNIT OFFICE, TIRUTHANI, TN:Tamil Nadu"
TN,21,"RTO, KANCHEEPURAM, TN:Tamil Nadu"
TN,21W,"UO, SRIPERUMBUDUR, TN:Tamil Nadu"
TN,22,"RTO, MEENAMBAKKAM, TN:Tamil Nadu"
TN,23,"RTO, VELLORE, TN:Tamil Nadu"
TN,23T,"UNIT OFFICE,GUDIYATHAM,, TN:Tamil Nadu"
TN,24,"RTO, KRISHNAGIRI, TN:Tamil Nadu"
TN,25,"RTO, TIRUVANAMALAI, TN:Tamil Nadu"
TN,25Y," UNIT OFFICE, CHEYYAR      , TN:Tamil Nadu"
TN,25Z,"UNIT OFFICE, ARANI,, TN:Tamil Nadu"
TN,28,"RTO, NAMAKKAL NORTH, TN:Tamil Nadu"
TN,28Z,"UNIT OFFICE,RASIPURAM,, TN:Tamil Nadu"
TN,29,"RTO, DHARMAPURI, TN:Tamil Nadu"
TN,29T,"UNIT OFFICE,HARUR,, TN:Tamil Nadu"
TN,29W,"UO, PALACODE, TN:Tamil Nadu"
TN,30,"RTO, (SALEM -WEST), TN:Tamil Nadu"
TN,30W,"UNIT OFFICE,OMALUR,, TN:Tamil Nadu"
TN,31,"RTO, CUDALORE, TN:Tamil Nadu"
TN,31Z,"UNIT OFFICE PANRUTI, TN:Tamil Nadu"
TN,32,"RTO,VILLUPURAM, TN:Tamil Nadu"
TN,33,"RTO,ERODE EAST, TN:Tamil Nadu"
TN,34,"RTO, TIRUCHENCODE, TN:Tamil Nadu"
TN,36,"RTO, COBICHETTIPALAYAM, TN:Tamil Nadu"
TN,36W,"UNIT OFFICE,BHAVANI,, TN:Tamil Nadu"
TN,36Z,"UNIT OFFICE,SATHIAMANGALAM,, TN:Tamil Nadu"
TN,37,"RTO, COIMBATORE (SOUTH), TN:Tamil Nadu"
TN,37Z,"UO, SULUR, TN:Tamil Nadu"
TN,38,"RTO,COIMBATORE (NORTH), TN:Tamil Nadu"
TN,39,"RTO, TIRUPUR (NORTH), TN:Tamil Nadu"
TN,39Z,"UO, AVINASHI, TN:Tamil Nadu"
TN,40,"RTO, METTUPALAYAM, TN:Tamil Nadu"
TN,41,"RTO, POLLACHI, TN:Tamil Nadu"
TN,41W,"UNIT OFFICE, VALPARAI, TN:Tamil Nadu"
TN,42,"RTO, TIRUPUR (SOUTH), TN:Tamil Nadu"
TN,42Y,"UO, KANGAYAM, TN:Tamil Nadu"
TN,43,"RTO, OOTY, TN:Tamil Nadu"
TN,43Z,"UNIT OFFICE, GUDALUR,, TN:Tamil Nadu"
TN,45,"RTO,TIRUCHIRAPPALLI WEST, TN:Tamil Nadu"
TN,45Z,"UNIT OFFICE, MANAPARAI,, TN:Tamil Nadu"
TN,46,"RTO, PERAMBALUR, TN:Tamil Nadu"
TN,47,"RTO, KARUR, TN:Tamil Nadu"
TN,47Y,"UNIT OFFICE, ARAVAKURICHI, TN:Tamil Nadu"
TN,47Z,"UNIT OFFICE, KULITHALAI,, TN:Tamil Nadu"
TN,48,"RTO, SRIRANGAM, TN:Tamil Nadu"
TN,48X,"UNIT OFFICE, LALKUDI, TN:Tamil Nadu"
TN,48Y,"UO, MUSURI, TN:Tamil Nadu"
TN,48Z,"UNIT OFFICE, THURAIYUR,, TN:Tamil Nadu"
TN,49,"RTO,TANJAVUR, TN:Tamil Nadu"
TN,49Y,"UNIT OFFICE, PATTUKOTTAI, TN:Tamil Nadu"
TN,50,"RTO, TIRUVARUR, TN:Tamil Nadu"
TN,50Z,"UNIT OFFICE, MANNARKUDI,, TN:Tamil Nadu"
TN,51,"RTO, NAGAPATTINAM, TN:Tamil Nadu"
TN,52,"RTO, SANGAGIRI, TN:Tamil Nadu"
TN,52Z,"UNIT OFFICE, METTUR,, TN:Tamil Nadu"
TN,54,"RTO,SALEM (EAST), TN:Tamil Nadu"
TN,55,"RTO, PUDUKOTTAI, TN:Tamil Nadu"
TN,55Y,"UNIT OFFICE, ILLUPPUR, TN:Tamil Nadu"
TN,55Z,"UNIT OFFICE, ARANTHANGI,, TN:Tamil Nadu"
TN,56,"RTO, PERUNDURAI, TN:Tamil Nadu"
TN,57,"RTO, DINDIGUL, TN:Tamil Nadu"
TN,57R,"UNIT OFFICE, ODDANCHATRAM, TN:Tamil Nadu"
TN,57V,"UO, VEDASANDUR, TN:Tamil Nadu"
TN,57W,"UO, BATLAGUNDU, TN:Tamil Nadu"
TN,57Z,"UNIT OFFICE, PALANI,, TN:Tamil Nadu"
TN,58,"RTO, MADURAI  (SOUTH), TN:Tamil Nadu"
DL,1,"DY.DIR.ZONAL OFFICE,NORTHZONE,MALL ROAD, DL:Delhi"
DL,10,"DY.DIR.ZONAL OFFICE,NORTH WEST DISTRICT-II,ROHINI, DL:Delhi"
DL,11,"DY.DIR.ZONAL OFFICE,WEST DISTT-II,RAJOURI GARDEN, DL:Delhi"
DL,12,"DY.DIR.ZONAL OFFICE,SOUTH WEST DISTT,VASANT VIHAR, DL:Delhi"
DL,13,"DY.DIR.ZONAL OFFICE,EAST DISTT -II,SURAJMAHALVIHAR, DL:Delhi"
DL,2,"DY.DIR.ZONAL OFFICE,NEW DELHI,TILAK MARG, DL:Delhi"
DL,3,"DY.DIR.ZONAL OFFICE,SOUTH DELHI,SHEIKH SARAI, DL:Delhi"
DL,4,"DY.DIR.ZONAL OFFICE,WEST DELHI,JANAKPURI, DL:Delhi"
DL,5,"DY.DIR.ZONAL OFFICE,DELHI NORTH EAST, LONI ROAD, DL:Delhi"
DL,6,"DY.DIR.ZONAL OFFICE,CENTRAL DELHI,SARAI KALE KHAN, DL:Delhi"
DL,7,"DY.DIR.ZONAL OFFICE,EAST DELHI,MAYUR VIHAR, DL:Delhi"
DL,8,"DY.DIR.ZONAL OFFICE,DELHI NORTH WEST,WAZIRPUR, DL:Delhi"
DL,9,"DY.DIR.ZONAL OFFICE,SOUTH WEST DELHI,JANAKPURI, DL:Delhi"
GA,3,"ASST.D.O.T,MAPUSA, GA:Goa"
GA,4,"ASST.D.O.T,BICHOLIM, GA:Goa"
GA,5,"ASST.D.O.T,PONDA, GA:Goa"
GA,6,"ASST.D.O.T,VASCO, GA:Goa"
GA,7,"ASST.D.O.T,PANAJI, GA:Goa"
GA,8,"ASST.D.O.T,MARGAO, GA:Goa"
GA,9,"ASST.D.O.T,QUEPEM, GA:Goa"
GA,10,"ASST.D.O.T,CANACONA, GA:Goa"
GA,11,"ASST.D.O.T,PERNEM, GA:Goa"
GA,12,"ASST.D.O.T,DHARBANDORA, GA:Goa"
GJ,1,"RTO,AHMEDABAD, GJ:Gujarat"
GJ,2,"RTO,PALAVASANA, GJ:Gujarat"
GJ,3,"RTO,PORBANDAR HIGHWAY, GJ:Gujarat"
GJ,4,"RTO,BHAVNAGAR, GJ:Gujarat"
GJ,5,"RTO,SURAT, GJ:Gujarat"
GJ,6,"RTO,VADODARA, GJ:Gujarat"
GJ,7,"RTO,NADIAD, GJ:Gujarat"
GJ,8,"RTO,BANASKANTHA, GJ:Gujarat"
GJ,9,"RTO,SABARKANTHA, GJ:Gujarat"
GJ,10,"RTO,JAMNAGAR, GJ:Gujarat"
GJ,11,"RTO,JUNAGADH, GJ:Gujarat"
GJ,12,"RTO,BHUJ-KACHCHH, GJ:Gujarat"
GJ,13,"ASST.RTO,SURENDRANGAR, GJ:Gujarat"
GJ,14,"ASST.RTO,AMRELI, GJ:Gujarat"
GJ,15,"RTO,VALSAD, GJ:Gujarat"
GJ,16,"ASST.RTO,BHARUCH, GJ:Gujarat"
GJ,17,"RTO,GODHRA, GJ:Gujarat"
GJ,18,"ASST.RTO,GANDHINAGAR, GJ:Gujarat"
GJ,19,"ASST.RTO,BARDOLI, GJ:Gujarat"
GJ,20,"ASST.RTO,DAHOD, GJ:Gujarat"
GJ,21,"ASST.RTO,NAVSARI, GJ:Gujarat"
GJ,22,"ASST.RTO,NARMADA, GJ:Gujarat"
GJ,23,"ASST.RTO,ANAND, GJ:Gujarat"
GJ,24,"ASST.RTO,PATAN, GJ:Gujarat"
GJ,25,"ASST.RTO,PORBANDAR, GJ:Gujarat"
GJ,26,"ASST.RTO,VYARA, GJ:Gujarat"
GJ,27,"ASST.RTO,AHMEDABAD(EAST), GJ:Gujarat"
GJ,30,"ASST.RTO,AAHWA, GJ:Gujarat"
GJ,31,"RTO ARVALLI (MODASA), GJ:Gujarat"
GJ,32,"RTO GIRSOMNATH (VERAVAL), GJ:Gujarat"
GJ,33,"RTO BOTAD, GJ:Gujarat"
GJ,34,"RTO CHHOTAUDAIPUR, GJ:Gujarat"
GJ,35,"RTO MAHISAGAR (LUNAVADA), GJ:Gujarat"
GJ,36,"RTO MORBI, GJ:Gujarat"
GJ,37,"RTO DEVBHOOMI DWARKA (KHAMBHALIYA), GJ:Gujarat"
GJ,38,"ASST.RTO AHMEDABAD(RURAL),BAVLA, GJ:Gujarat"
HR,1,"RLA, AMBALA, HR:Haryana"
HR,2,"RLA, JAGADHARI, HR:Haryana"
HR,3,"RLA, PANCHKULA, HR:Haryana"
HR,4,"RLA, NARAINGARH, HR:Haryana"
HR,5,"RLA, KARNAL, HR:Haryana"
HR,6,"RLA, PANIPAT, HR:Haryana"
HR,7,"RLA, KURUKSHETRA, HR:Haryana"
HR,8,"RLA,  KAITHAL, HR:Haryana"
HR,9,"RLA, GUHLA, HR:Haryana"
HR,10,"RLA, SONIPAT, HR:Haryana"
HR,11,"RLA, GOHANA, HR:Haryana"
HR,12,"RLA,ROHTAK, HR:Haryana"
HR,13,"RLA, BAHADURGARH, HR:Haryana"
HR,14,"RLA, JHAJJAR, HR:Haryana"
HR,15,"RLA, MEHAM, HR:Haryana"
HR,16,"RLA, BHIWANI, HR:Haryana"
HR,17,"RLA, SIWANI, HR:Haryana"
HR,18,"RLA, LOHARU, HR:Haryana"
HR,19,"RLA, CHARKHI DADRI, HR:Haryana"
HR,20,"RLA, HISAR, HR:Haryana"
HR,21,"RLA, HANSI, HR:Haryana"
HR,22,"RLA, FETEHABAD, HR:Haryana"
HR,23,"RLA, TOHANA, HR:Haryana"
HR,24,"RLA, SIRSA, HR:Haryana"
HR,25,"RLA, DABWALI, HR:Haryana"
HR,26,"RLA, GURGAON, HR:Haryana"
HR,27,"RLA, NUH, HR:Haryana"
HR,28,"RLA, FEROZEPUR ZIRKHA, HR:Haryana"
HR,29,"RLA, BALLABGARH, HR:Haryana"
HR,30,"RLA,  PALWAL, HR:Haryana"
HR,31,"RLA, JIND, HR:Haryana"
HR,32,"RLA, NARWANA, HR:Haryana"
HR,33,"RLA, SAFIDON, HR:Haryana"
HR,34,"RLA, MOHINDERGARH, HR:Haryana"
HR,35,"RLA, NARNAUL, HR:Haryana"
HR,36,"RLA, REWARI, HR:Haryana"
HR,37,"RTA, AMBALA, HR:Haryana"
HR,38,"RTA, FARIDABAD, HR:Haryana"
HR,39,"RTA, HISAR, HR:Haryana"
HR,40,"RLA, ASSANDH, HR:Haryana"
HR,41,"RLA, PEHOWA, HR:Haryana"
HR,42,"RLA, GANAUR, HR:Haryana"
HR,43,"RLA, KOSLI, HR:Haryana"
HR,44,"RLA, ELLENABAD, HR:Haryana"
HR,45,"RTA,KARNAL, HR:Haryana"
HR,46,"RTA,ROHTAK, HR:Haryana"
HR,47,"RTA,REWARI, HR:Haryana"
HR,48,"RLA, TOSHAM, HR:Haryana"
HR,49,"RLA, KALKA, HR:Haryana"
HR,50,"RLA, HODEL, HR:Haryana"
HR,51,"RLA, FARIDABAD, HR:Haryana"
HR,52,"RLA, HATHIN, HR:Haryana"
HR,53,"CANCEL (ADAMPUR), HR:Haryana"
HR,54,"RLA, BARARA, HR:Haryana"
HR,55,"RTA,GURGAON, HR:Haryana"
HR,56,"RTA,JIND, HR:Haryana"
HR,57,"RTA,SIRSA, HR:Haryana"
HR,58,"RTA,YAMUNA NAGAR, HR:Haryana"
HR,59,"RLA, RATIA, HR:Haryana"
HR,60,"RLA, SAMALKHA, HR:Haryana"
HR,61,"RTA,BHIWANI, HR:Haryana"
HR,62,"RTA,FATEHABAD, HR:Haryana"
HR,63,"RTA,JHAJJAR, HR:Haryana"
HR,64,"RTA,KAITHAL, HR:Haryana"
HR,65,"RTA,KURUKSHETRA, HR:Haryana"
HR,66,"RTA,MOHINDERGARH, HR:Haryana"
HR,67,"RTA,PANIPAT, HR:Haryana"
HR,68,"RTA,PANCHKULA, HR:Haryana"
HR,69,"RTA,SONIPAT, HR:Haryana"
HR,70,"STA,HARYANA(HQ), HR:Haryana"
HR,71,"RLA, BILASPUR, HR:Haryana"
HR,72,"RLA, GURGAON(SOUTH), HR:Haryana"
HR,73,"RTA,PALWAL, HR:Haryana"
HR,74,"RTA,MEWAT(NUH), HR:Haryana"
HR,75,"SDO(CIVIL),INDIRI, HR:Haryana"
HR,76,"SDO(CIVIL),PATAUDI, HR:Haryana"
HR,77,"SDO(CIVIL),BERI, HR:Haryana"
HR,78,"RLA,SHAHABAD, HR:Haryana"
HR,79,"RLA,KHARKHONDA, HR:Haryana"
HR,80,"RLA,SDO(CIVIL), BARWALA, HR:Haryana"
HR,81,"RLA, SDO(CIVIL), BAWAL, HR:Haryana"
HR,82,"SDM OFFICE,KANINA, HR:Haryana"
HR,83,"RLA, KALAYAT, HR:Haryana"
HP,3,"RLA,SHIMLA-URBAN, HP:Himachal Pradesh"
HP,6,"RLA,RAMPUR, HP:Himachal Pradesh"
HP,8,"RLA,CHAUPAL, HP:Himachal Pradesh"
HP,9,"RLA,THEOG, HP:Himachal Pradesh"
HP,10,"RLA,ROHRU, HP:Himachal Pradesh"
HP,11,"RLA,ARKI, HP:Himachal Pradesh"
HP,12,"RLA,NALAGARH, HP:Himachal Pradesh"
HP,13,"RLA,KANDAGHAT, HP:Himachal Pradesh"
HP,14,"RLA,SOLAN, HP:Himachal Pradesh"
HP,15,"RLA,PARWANOO, HP:Himachal Pradesh"
HP,16,"RLA,RAJGARH, HP:Himachal Pradesh"
HP,17,"RLA,PONTA SAHIB, HP:Himachal Pradesh"
HP,18,"RLA,NAHAN, HP:Himachal Pradesh"
HP,19,"RLA,AMB, HP:Himachal Pradesh"
HP,20,"RLA,UNA, HP:Himachal Pradesh"
HP,21,"RLA,BARSAR, HP:Himachal Pradesh"
HP,22,"RLA,HAMIRPUR, HP:Himachal Pradesh"
HP,23,"RLA,GHUMARWIN, HP:Himachal Pradesh"
HP,24,"RLA,BILASPUR SADAR, HP:Himachal Pradesh"
HP,25,"RLA,KALPA, HP:Himachal Pradesh"
HP,26,"RLA,NICHAR (BHABANAGAR), HP:Himachal Pradesh"
HP,27,"RLA,POOH, HP:Himachal Pradesh"
HP,28,"RLA,SARKAGHAT, HP:Himachal Pradesh"
HP,29,"RLA,JOGINDERNAGAR, HP:Himachal Pradesh"
HP,30,"RLA,KARSOG, HP:Himachal Pradesh"
HP,31,"RLA,SUNDERNAGAR, HP:Himachal Pradesh"
HP,32,"RLA,GOHAR, HP:Himachal Pradesh"
HP,33,"RLA,MANDI SADAR, HP:Himachal Pradesh"
HP,34,"RLA,KULLU, HP:Himachal Pradesh"
HP,35,"RLA,ANNI, HP:Himachal Pradesh"
HP,36,"RLA,DEHRA, HP:Himachal Pradesh"
HP,37,"RLA,PALAMPUR, HP:Himachal Pradesh"
HP,38,"RLA,NURPUR, HP:Himachal Pradesh"
HP,39,"RLA,DHARAMSALA, HP:Himachal Pradesh"
HP,40,"RLA,KANGRA, HP:Himachal Pradesh"
HP,41,"RLA,KAZA, HP:Himachal Pradesh"
HP,42,"RLA,KEYLONG, HP:Himachal Pradesh"
HP,43,"RLA,UDAIPUR, HP:Himachal Pradesh"
HP,44,"RLA,CHURAH, HP:Himachal Pradesh"
HP,45,"RLA,PANGI, HP:Himachal Pradesh"
HP,46,"RLA,BHARMOUR, HP:Himachal Pradesh"
HP,47,"RLA,DALHOUSIE, HP:Himachal Pradesh"
HP,48,"RLA,CHAMBA, HP:Himachal Pradesh"
HP,49,"RLA,BANJAR, HP:Himachal Pradesh"
HP,51,"RLA,SHIMLA-RURAL, HP:Himachal Pradesh"
HP,53,"RLA,BAIJNATH, HP:Himachal Pradesh"
HP,54,"RLA,JAWALI, HP:Himachal Pradesh"
HP,55,"RLA,NADUAN, HP:Himachal Pradesh"
HP,56,"RLA,JAISINGHPUR, HP:Himachal Pradesh"
HP,57,"RLA,CHOWARI, HP:Himachal Pradesh"
HP,58,"RLA,MANALI, HP:Himachal Pradesh"
HP,62,"RLA,STA SHIMLA, HP:Himachal Pradesh"
HP,63,"RTO,SHIMLA, HP:Himachal Pradesh"
HP,64,"RTO,SOLAN, HP:Himachal Pradesh"
HP,65,"RTO,MANDI, HP:Himachal Pradesh"
HP,66,"RTO,KULLU, HP:Himachal Pradesh"
HP,67,"RTO,HAMIRPUR, HP:Himachal Pradesh"
HP,68,"RTO,KANGRA, HP:Himachal Pradesh"
HP,69,"RTO,BILASPUR, HP:Himachal Pradesh"
HP,71,"RTO,NAHAN, HP:Himachal Pradesh"
HP,72,"RTO,UNA, HP:Himachal Pradesh"
HP,73,"RTO,CHAMBA, HP:Himachal Pradesh"
HP,74,"RLA,BHORANJ, HP:Himachal Pradesh"
HP,76,"RLA,PADDHAR, HP:Himachal Pradesh"
HP,77,"RLA,DODRA KAWAR, HP:Himachal Pradesh"
HP,78,"RLA,BANGANA, HP:Himachal Pradesh"
HP,79,"RLA SANGRAH, HP:Himachal Pradesh"
HP,80,"RLA HAROLI, HP:Himachal Pradesh"
HP,81,"RLA SALOONI, HP:Himachal Pradesh"
HP,82,"RLA MANDI (RURAL), HP:Himachal Pradesh"
HP,83,"RLA JAWALAMUKHI, HP:Himachal Pradesh"
HP,84,"RLA SUJANPUR, HP:Himachal Pradesh"
HP,85,"RLA SHILLAI, HP:Himachal Pradesh"
HP,86,"RLA DHARAMPUR, HP:Himachal Pradesh"
JK,1,"RTO,KASHMIR, JK:Jammu and Kashmir"
JK,2,"RTO,JAMMU, JK:Jammu and Kashmir"
JK,3,"ASST.RTO,ANANTNAG, JK:Jammu and Kashmir"
JK,4,"ASST.RTO,BUDGAM, JK:Jammu and Kashmir"
JK,5,"ASST.RTO,BARAMULLA, JK:Jammu and Kashmir"
JK,6,"ASST.RTO,DODA, JK:Jammu and Kashmir"
JK,7,"ASST.RTO,KARGIL, JK:Jammu and Kashmir"
JK,8,"ASST.RTO,KATHUA, JK:Jammu and Kashmir"
JK,9,"ASST.RTO,KUPWARA, JK:Jammu and Kashmir"
JK,10,"ASST.RTO,LEH, JK:Jammu and Kashmir"
JK,11,"ASST.RTO,RAJOURI, JK:Jammu and Kashmir"
JK,12,"ASST.RTO,POONCH, JK:Jammu and Kashmir"
JK,13,"ASST.RTO,PULWAMA, JK:Jammu and Kashmir"
JK,14,"ASST.RTO,UDHAMPUR, JK:Jammu and Kashmir"
JK,15,"ARTO BANDIPORA, JK:Jammu and Kashmir"
JK,16,"ARTO GANDERBAL, JK:Jammu and Kashmir"
JK,17,"ARTO KISHTWAR, JK:Jammu and Kashmir"
JK,18,"ARTO KULGAM, JK:Jammu and Kashmir"
JK,19,"ARTO RAMBAN, JK:Jammu and Kashmir"
JK,20,"ARTO REASI, JK:Jammu and Kashmir"
JK,21,"ARTO SAMBA, JK:Jammu and Kashmir"
JK,22,"ARTO SHOPIAN, JK:Jammu and Kashmir"
JH,1,"DTO,RANCHI, JH:Jharkhand"
JH,2,"DTO,HAZARIBAG, JH:Jharkhand"
JH,3,"DTO,DALTONGANJ,PALAMU, JH:Jharkhand"
JH,4,"DTO,DUMKA, JH:Jharkhand"
JH,5,"DTO,EAST SINGHBHUM,JAMSHEDPUR, JH:Jharkhand"
JH,6,"DTO,WEST SINGHBHUM,CHAIBASA, JH:Jharkhand"
JH,7,"DTO,GUMLA, JH:Jharkhand"
JH,8,"DTO,LOHARDAGA, JH:Jharkhand"
JH,9,"DTO,BOKARO, JH:Jharkhand"
JH,10,"DTO,DHANBAD, JH:Jharkhand"
JH,11,"DTO,GIRIDIH, JH:Jharkhand"
JH,12,"DTO,KODERMA, JH:Jharkhand"
JH,13,"DTO,CHATRA, JH:Jharkhand"
JH,14,"DTO,GARHWA, JH:Jharkhand"
JH,15,"DTO,DEOGHAR, JH:Jharkhand"
JH,16,"DTO,PAKUR, JH:Jharkhand"
JH,17,"DTO,GODDA, JH:Jharkhand"
JH,18,"DTO,SAHEBGANJ, JH:Jharkhand"
JH,19,"DTO,LATEHAR, JH:Jharkhand"
JH,20,"DTO,SIMDEGA, JH:Jharkhand"
JH,21,"DTO,JAMTARA, JH:Jharkhand"
JH,22,"DTO,SARAIKELA-KHARSAWAN, JH:Jharkhand"
JH,23,"D.T.O. Khunti, JH:Jharkhand"
JH,24,"D.T.O. Ramgarh, JH:Jharkhand"
TN,58Z,"UNIT OFFICE, THIRUMANGALAM,, TN:Tamil Nadu"
TN,59,"RTO,MADURAI   (NORTH), TN:Tamil Nadu"
TN,59V,"UNIT OFFICE, VADIPATTI,, TN:Tamil Nadu"
TN,59W,"UNIT OFFICE, MELUR,, TN:Tamil Nadu"
TN,60,"RTO, PERIYAKULAM, TN:Tamil Nadu"
TN,60Z,"UNIT OFFICE, UTHAMAPALAYAM,, TN:Tamil Nadu"
TN,61,"RTO, ARIYALUR, TN:Tamil Nadu"
TN,63,"RTO, SIVAGANGAI, TN:Tamil Nadu"
TN,63Z,"UNIT OFFICE, KARAIKUDI, TN:Tamil Nadu"
TN,64,"RTO, MADURAI (CENTRAL), TN:Tamil Nadu"
TN,65,"RTO, RAMANATHAPURAM, TN:Tamil Nadu"
TN,65Z,"UNIT OFFICE, PARAMAKUDI,, TN:Tamil Nadu"
TN,66,"RTO,COIMBATORE (CENTRAL), TN:Tamil Nadu"
TN,67,"RTO, VIRUDHUNAGAR, TN:Tamil Nadu"
TN,67W,"UO, ARUPPUKOTTAI, TN:Tamil Nadu"
TN,68,"RTO,KUMBAKONAM, TN:Tamil Nadu"
TN,69,"RTO, TUTICORIN, TN:Tamil Nadu"
TN,69Z,"UNIT OFFICE, KOVILPATTI,, TN:Tamil Nadu"
TN,70,"RTO, HOSUR, TN:Tamil Nadu"
TN,72,"RTO,TIRUNELVELI, TN:Tamil Nadu"
TN,72V,"UNIT OFFICE, VALLIYUR ,, TN:Tamil Nadu"
TN,73,"RTO, RANIPET, TN:Tamil Nadu"
TN,73Z,"UNIT OFFICE, ARAKKONAM,, TN:Tamil Nadu"
TN,74,"RTO, NAGERCOIL, TN:Tamil Nadu"
TN,75,"RTO, MARTHANDAM, TN:Tamil Nadu"
TN,76,"RTO,TENKASI, TN:Tamil Nadu"
TN,76V,"UO, AMBASAMUDURAM, TN:Tamil Nadu"
TN,77,"RTO OFFICE, ATTUR, TN:Tamil Nadu"
TN,77Z,"UO, VALAPADY, TN:Tamil Nadu"
TN,78,"RTO OFFICE, DHARAPURAM,, TN:Tamil Nadu"
TN,78Z,"UO, UDUMALPET, TN:Tamil Nadu"
TN,79,"RTO, SANKARANKOIL,, TN:Tamil Nadu"
TN,81,"RTO, TIRUCHIRAPPALLI EAST, TN:Tamil Nadu"
TN,81Z,"UO, TIRUVERAMBUR, TN:Tamil Nadu"
TN,82,"RTO, MAYILADUTHURAI,, TN:Tamil Nadu"
TN,82Z,"UO, SIRKALI, TN:Tamil Nadu"
TN,83,"RTO,VANIYAMBADI, TN:Tamil Nadu"
TN,83Z,"UO, TIRUPATTUR, TN:Tamil Nadu"
TN,84,"RTO, SRIVILLIPUTHUR,, TN:Tamil Nadu"
TN,84Z,"UO, SIVAKASI, TN:Tamil Nadu"
TN,85,"RTO, KUNDRATHUR, TN:Tamil Nadu"
TN,86,"RTO, ERODE WEST, TN:Tamil Nadu"
TN,88,"RTO, NAMAKKAL- SOUTH, TN:Tamil Nadu"
TN,88Z,"UO, PARAMATHIVELLUR, TN:Tamil Nadu"
TN,90,"RTO, SALEM SOUTH, TN:Tamil Nadu"
TN,91,"The Regional Transport Office, Chidambaram,, TN:Tamil Nadu"
TN,91Y,"The Motor Vehicles Inspector, Unit Office, Neyveli, TN:Tamil Nadu"
TN,91Z,"The Motor Vehicles Inspector,Unit Office,, TN:Tamil Nadu"
TN,92,"The Regional Transport Office, Tiruchendur, TN:Tamil Nadu"
TN,99,"RTO, COIMBATORE WEST, TN:Tamil Nadu"
TS,101,"RTA MANCHERIAL, TS:Telangana"
TS,102,"UNIT OFFICE HUZURABAD, TS:Telangana"
TS,103,"UNIT OFFICE JANGOAN, TS:Telangana"
TS,104,"UNIT OFFICE BHADRACHALAM, TS:Telangana"
TS,105,"UNIT OFFICE BHONGIR, TS:Telangana"
TS,106,"UNIT OFFICE GADWAL, TS:Telangana"
TS,107,"RTA MEDCHAL, TS:Telangana"
TS,108,"RTA IBRAHIMPATNAM, TS:Telangana"
TS,115,"RTA SIDDIPET, TS:Telangana"
TS,116,"UNIT OFFICE ARMOOR, TS:Telangana"
TS,201,"UNIT OFFICE ASIFABAD, TS:Telangana"
TS,202,"UNIT OFFICE JAGITYAL, TS:Telangana"
TS,203,"UNIT OFFICE MAHABUBABAD, TS:Telangana"
TS,204,"UNIT OFFICE KOTHAGUDEM, TS:Telangana"
TS,205,"UNIT OFFICE KODAD, TS:Telangana"
TS,206,"UNIT OFFICE KALWAKURTHY, TS:Telangana"
TS,207,"UNIT OFFICE PARGI, TS:Telangana"
TS,215,"UNIT OFFICE ZAHIRABAD, TS:Telangana"
TS,216,"UNIT OFFICE BHODAN, TS:Telangana"
TS,301,"UNIT OFFICE NIRMAL, TS:Telangana"
TS,302,"UNIT OFFICE PEDDAPALLI, TS:Telangana"
TS,304,"UNIT OFFICE SATTUPALLI, TS:Telangana"
TS,305,"UNIT OFFICE MIRYALAGUDA, TS:Telangana"
TS,306,"UNIT OFFICE PEBBAIR, TS:Telangana"
TS,307,"UNIT OFFICE KUKATPALLY, TS:Telangana"
TS,315,"UNIT OFFICE MEDAK, TS:Telangana"
TS,316,"UNIT OFFICE KAMAREDDY, TS:Telangana"
TS,402,"UNIT OFFICE RAMAGUNDAM, TS:Telangana"
TS,404,"UNIT OFFICE WYRA, TS:Telangana"
TS,405,"UNIT OFFICE SURYAPET, TS:Telangana"
TS,406,"UNIT OFFICE SHADNAGAR, TS:Telangana"
TS,415,"UNIT OFFICE PATANCHERUVU, TS:Telangana"
TS,502,"UNIT OFFICE SIRICILLA, TS:Telangana"
TS,602,"UNIT OFFICE KORUTLA, TS:Telangana"
TR,1,"JTC,AGARTALA, TR:Tripura"
TR,2,"DTO, UNAKOTI KAILASHAHAR, TR:Tripura"
TR,3,"DTO,SOUTH TRIPURA, TR:Tripura"
TR,4,"DTO,DHALAI, TR:Tripura"
TR,5,"DTO, NORTH TRIPURA DHARMANAGAR, TR:Tripura"
TR,6," DTO, TELIAMURA, TR:Tripura"
TR,7," DTO, BISHRAMGANJ, TR:Tripura"
TR,8," DTO, SOUTH TRIPURA, TR:Tripura"
TR,A02,"DTO,KAILASHAHAR-NORTHTRIPURA, TR:Tripura"
TR,B02,"DTO,DHARMANAGAR-NORTHTRIPURA, TR:Tripura"
UA,7,"RTO, DEHRADUN, UA:UA-Uttarakhand"
UK,1,"RTO, ALMORA, UK:Uttarakhand"
UK,2,"SUB RTO, BAGESHWAR, UK:Uttarakhand"
UK,3,"SUB RTO, TANAKPUR,CHAMPAWAT, UK:Uttarakhand"
UK,4,"RTO, HALDWANI,NAINITAL, UK:Uttarakhand"
UK,5,"SUB RTO, PITHORAGARH, UK:Uttarakhand"
UK,6,"SUB RTO, UDHAMSINGH NAGAR, UK:Uttarakhand"
UK,8,"SUB RTO, HARIDWAR, UK:Uttarakhand"
UK,9,"SUB RTO, TEHRI, UK:Uttarakhand"
UK,10,"SUB RTO, UTTARKASHI, UK:Uttarakhand"
UK,11,"SUB RTO, KARANPRAYAG,CHAMOLI, UK:Uttarakhand"
UK,12,"RTO, PAURI, UK:Uttarakhand"
UK,13,"SUB RTO, RUDRAPRAYAG, UK:Uttarakhand"
UK,14,"SUB RTO, RISHIKESH,DEHRADUN, UK:Uttarakhand"
UK,15,"SUB RTO, KOTDWAR,PAURI, UK:Uttarakhand"
UK,17,"ARTO ROORKEE, UK:Uttarakhand"
KL,66,"SRTO,KUTTANADU, KL:Kerala"
KL,67,"SRTO, UZHAVOOR, KL:Kerala"
KL,68,"SRTO, DEVIKULAM, KL:Kerala"
KL,69,"SRTO, UDUMBANCHOLA, KL:Kerala"
KL,70,"SRTO,CHITTUR, KL:Kerala"
KL,71,"SRTO, NILAMBUR, KL:Kerala"
KL,72,"SRTO, MANANTHAVADY, KL:Kerala"
KL,73,"SRTO, SULTHANBATHERY, KL:Kerala"
LD,1,"RTO,KAVARATTI, LD:Lakshadweep"
MP,4,"RTO,BHOPAL RTO, MP:Madhya Pradesh"
MP,5,"RTO,HOSHANGABAD RTO, MP:Madhya Pradesh"
MP,6,"RTO,MORENA RTO, MP:Madhya Pradesh"
MP,7,"RTO,GWALIOR RTO, MP:Madhya Pradesh"
MP,8,"ADDL.RTO,GUNA ARTO, MP:Madhya Pradesh"
MP,9,"RTO,INDORE RTO, MP:Madhya Pradesh"
MP,10,"ADDL.RTO,KHARGONE ARTO, MP:Madhya Pradesh"
MP,11,"ADDL.RTO,DHAR ARTO, MP:Madhya Pradesh"
MP,12,"ADDL.RTO,KHANDWA ARTO, MP:Madhya Pradesh"
MP,13,"RTO,UJJAIN RTO, MP:Madhya Pradesh"
MP,14,"ADDL.RTO,MANDSAUR ARTO, MP:Madhya Pradesh"
MP,15,"RTO,SAGAR RTO, MP:Madhya Pradesh"
MP,16,"ADDL.RTO,CHATTARPUR  ARTO, MP:Madhya Pradesh"
MP,17,"RTO,REWA RTO, MP:Madhya Pradesh"
MP,18,"RTO,SHAHDOL RTO, MP:Madhya Pradesh"
MP,19,"ADDL.RTO,SATNA ARTO, MP:Madhya Pradesh"
MP,20,"RTO,JABALPUR RTO, MP:Madhya Pradesh"
MP,21,"ADDL.RTO,KATNI ARTO, MP:Madhya Pradesh"
MP,22,"ADDL.RTO,SEONI ARTO, MP:Madhya Pradesh"
MP,28,"ADDL.RTO,CHHINDWARA ARTO, MP:Madhya Pradesh"
MP,30,"DTO,BHIND DTO, MP:Madhya Pradesh"
MP,31,"DTO,SHEOPUR DTO, MP:Madhya Pradesh"
MP,32,"DTO,DATIA DTO, MP:Madhya Pradesh"
MP,33,"DTO,SHIVPURI DTO, MP:Madhya Pradesh"
MP,34,"DTO,DAMOH DTO, MP:Madhya Pradesh"
MP,35,"DTO,PANNA DTO, MP:Madhya Pradesh"
MP,36,"DTO,TIKAMGARH DTO, MP:Madhya Pradesh"
MP,37,"DTO,SEHORE DTO, MP:Madhya Pradesh"
MP,38,"DTO,RAISEN DTO, MP:Madhya Pradesh"
MP,39,"DTO,RAJGARH DTO, MP:Madhya Pradesh"
MP,40,"DTO,VIDISHA DTO, MP:Madhya Pradesh"
MP,41,"DTO,DEWAS DTO, MP:Madhya Pradesh"
MP,42,"DTO,SHAJAPUR DTO, MP:Madhya Pradesh"
MP,43,"DTO,RATLAM DTO, MP:Madhya Pradesh"
MP,44,"DTO,NEEMUCH DTO, MP:Madhya Pradesh"
MP,45,"DTO,JHABUA DTO, MP:Madhya Pradesh"
MP,46,"DTO,BADWANI DTO, MP:Madhya Pradesh"
MP,47,"DTO,HARDA DTO, MP:Madhya Pradesh"
MP,48,"DTO,BETUL DTO, MP:Madhya Pradesh"
MP,49,"DTO,NARSINGHPUR DTO, MP:Madhya Pradesh"
MP,50,"DTO,BALAGHAT DTO, MP:Madhya Pradesh"
MP,51,"DTO,MANDLA DTO, MP:Madhya Pradesh"
MP,52,"DTO,DINDORI DTO, MP:Madhya Pradesh"
MP,53,"DTO,SIDHI DTO, MP:Madhya Pradesh"
MP,54,"DTO,UMARIA DTO, MP:Madhya Pradesh"
MH,1,"RTO,MUMBAI CENTRAL, MH:Maharashtra"
MH,2,"RTO,MUMBAI (WEST, MH:Maharashtra"
MH,3,"RTO,MUMBAI (EAST), MH:Maharashtra"
MH,4,"RTO,THANE, MH:Maharashtra"
MH,5,"DY.RTO,KALYAN, MH:Maharashtra"
MH,6,"DY.RTO,PEN(RAIGAD), MH:Maharashtra"
MH,7,"DY.RTO,SINDHUDURG, MH:Maharashtra"
MH,8,"DY.RTO,RATNAGIRI, MH:Maharashtra"
MH,9,"RTO,KOLHAPUR, MH:Maharashtra"
MH,10,"DY.RTO,SANGLI, MH:Maharashtra"
MH,11,"DY.RTO,SATARA, MH:Maharashtra"
MH,12,"RTO,PUNE, MH:Maharashtra"
MH,13,"DY.RTO,SOLAPUR, MH:Maharashtra"
MH,14,"DY.RTO,PIMPRI-CHINCHWAD, MH:Maharashtra"
MH,15,"RTO,NASHIK, MH:Maharashtra"
MH,16,"DY.RTO,AHMEDNAGAR, MH:Maharashtra"
MH,17,"DY.RTO,SHRIRAMPUR, MH:Maharashtra"
MH,18,"DY.RTO,DHULE, MH:Maharashtra"
MH,19,"DY.RTO,JALGAON, MH:Maharashtra"
MH,20,"RTO,AURANGABAD, MH:Maharashtra"
MH,21,"DY.RTO,JALNA, MH:Maharashtra"
MH,22,"DY.RTO,PARBHANI, MH:Maharashtra"
MH,23,"DY.RTO,BEED, MH:Maharashtra"
MH,24,"RTO,LATUR, MH:Maharashtra"
MH,25,"DY.RTO,OSMANABAD, MH:Maharashtra"
MH,26,"RTO,NANDED, MH:Maharashtra"
MH,27,"RTO,AMRAVATI, MH:Maharashtra"
MH,28,"DY.RTO,BULDHANA, MH:Maharashtra"
MH,29,"DY.RTO,YAWATMAL, MH:Maharashtra"
MH,30,"DY.RTO,AKOLA, MH:Maharashtra"
MH,31,"RTO,NAGPUR (URBAN), MH:Maharashtra"
MH,32,"DY. RTO,WARDHA, MH:Maharashtra"
MH,33,"DY. RTO,GADCHIROLI, MH:Maharashtra"
MH,34,"DY. RTO,CHANDRAPUR, MH:Maharashtra"
MH,35,"DY. RTO,GONDIA, MH:Maharashtra"
MH,36,"DY. RTO,BHANDARA, MH:Maharashtra"
MH,37,"DY. RTO,VASHIM, MH:Maharashtra"
MH,38,"DY. RTO,HINGOLI, MH:Maharashtra"
MH,39,"DY. RTO,NANDURBAR, MH:Maharashtra"
MH,40,"RTO,NAGPUR (RURAL), MH:Maharashtra"
MH,41,"DY.RTO,MALEGAON, MH:Maharashtra"
MH,42,"DY.RTO,BARAMATI, MH:Maharashtra"
MH,43,"DY.RTO,VASHI, MH:Maharashtra"
MH,44,"DY.RTO,AMBEJOGAI, MH:Maharashtra"
MH,45,"DY.RTO,AKLUJ, MH:Maharashtra"
MH,46,"RTO, PANVEL, MH:Maharashtra"
MH,47,"DY.RTO,BORIVALI, MH:Maharashtra"
MH,48,"DY. RTO VASAI-VIRAR, MH:Maharashtra"
MH,49,"DY.RTO, NAGPUR (EAST), MH:Maharashtra"
MH,50,"DY.RTO, KARAD, MH:Maharashtra"
MN,1,"DTO, IMPHAL WEST, MN:Manipur"
MN,2,"DTO, CHURACHANDPUR, MN:Manipur"
MN,3,"DTO, KANGPOKPI, MN:Manipur"
MN,4,"DTO, THOUBAL, MN:Manipur"
MN,5,"DTO, BISHNUPUR, MN:Manipur"
MN,6,"DTO, IMPHAL EAST, MN:Manipur"
MN,7,"Ukhrul, MN:Manipur"
MN,8,"Senapati, MN:Manipur"
ML,4,"DTO,JOWAI, ML:Meghalaya"
ML,5,"DTO,SHILLONG, ML:Meghalaya"
ML,6,"DTO,NONGSTOIN, ML:Meghalaya"
ML,7,"DTO,WILLIAMANAGAR, ML:Meghalaya"
ML,8,"DTO,TURA, ML:Meghalaya"
ML,9,"DTO,BAGHMARA, ML:Meghalaya"
ML,10,"DTO,NONGPOH, ML:Meghalaya"
ML,11,"DTO KHLIEHRIAT, ML:Meghalaya"
ML,12,"DTO MAWKYRWAT, ML:Meghalaya"
ML,13,"DTO RESUBELPARA, ML:Meghalaya"
ML,14,"DTO AMPATI, ML:Meghalaya"
MZ,1,"DTO,AIZAWL, MZ:Mizoram"
MZ,2,"DTO,LUNGLEI, MZ:Mizoram"
MZ,3,"DTO,SAIHA, MZ:Mizoram"
MZ,4,"DTO,CHAMPHAI, MZ:Mizoram"
MZ,5,"DTO,KOLASIB, MZ:Mizoram"
MZ,6,"DTO,SERCHHIP, MZ:Mizoram"
MZ,7,"DTO,LAWNGTLAI, MZ:Mizoram"
MZ,8,"DTO,MAMIT, MZ:Mizoram"
NL,1,"RTO, KOHIMA, NL:Nagaland"
NL,2,"RTO, MOKOKCHUNG, NL:Nagaland"
NL,3,"DTO, TUENSANG, NL:Nagaland"
NL,4,"DTO, MON, NL:Nagaland"
NL,5,"DTO, WOKHA, NL:Nagaland"
NL,6,"DTO, ZUNHEBOTO, NL:Nagaland"
NL,7,"DTO, DIMAPUR, NL:Nagaland"
NL,8,"DTO, PHEK, NL:Nagaland"
UP,11,"RTO,SAHARANPUR, UP:Uttar Pradesh"
UP,12,"ASST.RTO,MUZAFFARNAGAR, UP:Uttar Pradesh"
UP,13,"ASST.RTO, BULANDSHAHAR, UP:Uttar Pradesh"
UP,14,"RTO, GHAZIABAD, UP:Uttar Pradesh"
UP,15,"RTO, MEERUT, UP:Uttar Pradesh"
UP,16,"ASST.RTO, GAUTAMBUDHNAGAR, UP:Uttar Pradesh"
UP,17,"ASST.RTO, BAGHPAT, UP:Uttar Pradesh"
UP,19,"ARTO OFFICE,SHAMLI, UP:Uttar Pradesh"
UP,20,"ASST.RTO, BIJNOR, UP:Uttar Pradesh"
UP,21,"RTO, MORADABAD, UP:Uttar Pradesh"
UP,22,"ASST.RTO, RAMPUR, UP:Uttar Pradesh"
UP,23,"ASST.RTO, JYOTIBAPHULE NAGAR, UP:Uttar Pradesh"
UP,24,"ASST.RTO, BADAUN, UP:Uttar Pradesh"
UP,25,"RTO, BAREILLY, UP:Uttar Pradesh"
UP,26,"ASST.RTO, PILIBHIT, UP:Uttar Pradesh"
UP,27,"ASST.RTO, SHAHJAHANPUR, UP:Uttar Pradesh"
UP,30,"ASST.RTO, HARDOI, UP:Uttar Pradesh"
UP,31,"ASST.RTO, LAKHIMPUR KHIRI, UP:Uttar Pradesh"
UP,32,"RTO, LUCKNOW, UP:Uttar Pradesh"
UP,32A,"ARTO, MAHANAGAR LUCKNOW, UP:Uttar Pradesh"
UP,33,"ASST.RTO, RAEBARELI, UP:Uttar Pradesh"
UP,34,"ASST.RTO, SITAPUR, UP:Uttar Pradesh"
UP,35,"ASST.RTO, UNNAO, UP:Uttar Pradesh"
UP,36,"ARTO OFFICE,AMETHI, UP:Uttar Pradesh"
UP,37,"ARTO OFFICE,HAPUR, UP:Uttar Pradesh"
UP,38,"ARTO OFFICE,SAMBHAL, UP:Uttar Pradesh"
UP,40,"ASST.RTO, BAHRAICH, UP:Uttar Pradesh"
UP,41,"ASST.RTO, BARABANKI, UP:Uttar Pradesh"
UP,42,"RTO, FAIZABAD, UP:Uttar Pradesh"
UP,43,"RTO, GONDA, UP:Uttar Pradesh"
UP,44,"ASST.RTO, SULTANPUR, UP:Uttar Pradesh"
UP,45,"ASST.RTO, AMBEDKAR NAGAR, UP:Uttar Pradesh"
UP,46,"ASST.RTO, SHRAVASTI, UP:Uttar Pradesh"
UP,47,"ASST.RTO, BALRAMPUR, UP:Uttar Pradesh"
UP,50,"RTO, AZAMGARH, UP:Uttar Pradesh"
UP,51,"RTO, BASTI, UP:Uttar Pradesh"
UP,52,"ASST.RTO, DEORIA, UP:Uttar Pradesh"
UP,53,"RTO, GORAKHPUR, UP:Uttar Pradesh"
UP,54,"ASST.RTO, MAU, UP:Uttar Pradesh"
UP,55,"ASST.RTO, SIDDHARTHNAGAR, UP:Uttar Pradesh"
UP,56,"ASST.RTO, MAHRAJGANJ, UP:Uttar Pradesh"
UP,57,"ASST.RTO, PADRAUNA (KRUSHI NAGAR), UP:Uttar Pradesh"
UP,58,"ASST.RTO, SANT KABIR NAGAR, UP:Uttar Pradesh"
UP,60,"ASST.RTO, BALLIA, UP:Uttar Pradesh"
UP,61,"ASST.RTO, GHAZIPUR, UP:Uttar Pradesh"
UP,62,"ASST.RTO, JAUNPUR, UP:Uttar Pradesh"
UP,63,"RTO, MIRZAPUR, UP:Uttar Pradesh"
UP,64,"ASST.RTO, SONBHADRA, UP:Uttar Pradesh"
UP,65,"RTO, VARANASI, UP:Uttar Pradesh"
UP,65A,"RTO EXTENTION COUNTER OFFICE, VARANASI, UP:Uttar Pradesh"
UP,66,"ASST.RTO, BHADOHI, UP:Uttar Pradesh"
UP,67,"ASST.RTO, CHANDAULI, UP:Uttar Pradesh"
UP,70,"RTO, ALLAHABAD, UP:Uttar Pradesh"
UP,71,"ASST.RTO, FATEHPUR, UP:Uttar Pradesh"
UP,72,"ASST.RTO, PRATAPGARH, UP:Uttar Pradesh"
UP,73,"ASST.RTO, KAUSHAMBI, UP:Uttar Pradesh"
UP,74,"ASST.RTO, KANNAUJ, UP:Uttar Pradesh"
UP,75,"ASST.RTO, ETAWAH, UP:Uttar Pradesh"
UP,76,"ASST.RTO, FARRUKHABAD, UP:Uttar Pradesh"
UP,77,"ASST.RTO, KANPUR DEHAT, UP:Uttar Pradesh"
UP,78,"RTO, KANPUR NAGAR, UP:Uttar Pradesh"
UP,79,"ASST.RTO, AURAIYA, UP:Uttar Pradesh"
UP,80,"RTO, AGRA, UP:Uttar Pradesh"
UP,81,"RTO, ALIGARH, UP:Uttar Pradesh"
UP,82,"ASST.RTO, ETAH, UP:Uttar Pradesh"
UP,83,"ASST.RTO, FIROZABAD, UP:Uttar Pradesh"
UP,84,"ASST.RTO, MAINPURI, UP:Uttar Pradesh"
UP,85,"ASST.RTO, MATHURA, UP:Uttar Pradesh"
UP,86,"ASST.RTO, HATHRASH (MAHAMAYA NAGAR), UP:Uttar Pradesh"
UP,87,"ASST.RTO, KANSHIRAM NAGAR, UP:Uttar Pradesh"
UP,90,"RTO, BANDA, UP:Uttar Pradesh"
UP,91,"ASST.RTO, HAMIRPUR, UP:Uttar Pradesh"
UP,92,"ASST.RTO, JALAUN, UP:Uttar Pradesh"
UP,93,"RTO, JHANSI, UP:Uttar Pradesh"
UP,94,"ASST.RTO, LALITPUR, UP:Uttar Pradesh"
UP,95,"ASST.RTO, MAHOBA, UP:Uttar Pradesh"
UP,96,"ASST.RTO, CHITRAKOOT DHAM, UP:Uttar Pradesh"
WB,1,"PUBLIC VEHICLES DEPARTMENT, WB:West Bengal"
WB,5,"PUBLIC VEHICLES DEPARTMENT, KASBA UNIT, WB:West Bengal"
WB,7,"PUBLIC VEHICLES DEPARTMENT, SALT LAKE UNIT, WB:West Bengal"
WB,9,"PUBLIC VEHICLES DEPARTMENT, BEHALA UNIT, WB:West Bengal"
WB,11,"RTO,HOWRAH, WB:West Bengal"
WB,13,"ARTO ULUBERIA, WB:West Bengal"
WB,15,"RTO,HOOGHLY, WB:West Bengal"
WB,17,"ARTO SERAMPORE, WB:West Bengal"
WB,19,"RTO,ALIPUR, WB:West Bengal"
WB,21,"ARTO BASIRHAT, WB:West Bengal"
WB,23,"ADDL.RTO, BARRACKPORE, WB:West Bengal"
WB,25,"RTO,BARASAT, WB:West Bengal"
WB,27,"ARTO BONGAON, WB:West Bengal"
WB,29,"RTO,TAMLUK, WB:West Bengal"
WB,31,"RTO,CONTAI, WB:West Bengal"
WB,33,"RTO,MEDINIPUR, WB:West Bengal"
WB,35,"ARTO KHRAGPUR, WB:West Bengal"
WB,37,"ADDL.RTO,ASANSOLE, WB:West Bengal"
WB,39,"ADDL.RTO,DURGAPUR, WB:West Bengal"
WB,41,"RTO,BURDWAN, WB:West Bengal"
WB,43,"ARTO KALNA, WB:West Bengal"
WB,45,"ARTO RAMPURHAT, WB:West Bengal"
WB,47,"ARTO BOLPUR, WB:West Bengal"
WB,49,"ARTO JHARGRAM, WB:West Bengal"
WB,51,"RTO,NADIA, WB:West Bengal"
WB,53,"RTO,BIRBHUM, WB:West Bengal"
WB,55,"RTO,PURULIA, WB:West Bengal"
WB,57,"RTO,MURSHIDABAD, WB:West Bengal"
WB,59,"RTO,RAIGUNJ, WB:West Bengal"
WB,61,"RTO,BALUGHAT, WB:West Bengal"
WB,63,"RTO,COOCH BEHAR, WB:West Bengal"
WB,65,"RTO,MALDA, WB:West Bengal"
WB,67,"RTO,BANKURA, WB:West Bengal"
WB,69,"RTO,ALIPURDUAR, WB:West Bengal"
WB,71,"RTO,JALPAIGURI, WB:West Bengal"
WB,73,"RTO,SILIGURI, WB:West Bengal"
WB,77,"RTO,DARJEELING, WB:West Bengal"
WB,81,"ARTO RAGHUNATHPUR, WB:West Bengal"
WB,83,"ARTO CHANCHAL, WB:West Bengal"
WB,85,"ARTO MATHABHANGA, WB:West Bengal"
WB,87,"ARTO BISHNUPUR, WB:West Bengal"
WB,89,"ARTO KALYANI, WB:West Bengal"
WB,91,"ARTO ISLAMPUR, WB:West Bengal"
WB,93,"ARTO JANGIPUR, WB:West Bengal"
WB,95,"ARTO BARUIPUR, WB:West Bengal"
WB,97,"ARTO DIAMOND HARBOUR, WB:West Bengal"
